Acetonitrile,kpgc01s01
THF,kpgc01s02
Ethanol/Toluene,kpgc01s04
Ethanol/Toluene,kpgc01s05
THF,kpgc01s07
THF,kpgc01s08
THF,kpgc01s09
THF,kpgc01s11
THF,kpgc01s12
THF,kpgc01s13
THF,kpgc01s16
DMF,kpgc01s17
Methanol,kpgc01s18
DMF,kpgc01s19
THF,kpgc01s20
THF,kpgc01s21
DMF,kpgc01s23
THF,kpgc01s26
THF,kpgc01s27
THF,kpgc01s28
THF,kpgc01s29
Ethanol/Toluene,kpgc01s30
THF,kpgc01s31
DMF,kpgc01s32
Neat,kpgc01s34
Neat,kpgc01s35
Butanol,kpgc01s36
THF,kpgc01s37
DMF,kpgc01s38
DMSO,kpgc01s39
DMF,kpgc01s40
DMF,kpgc01s42
DMF,kpgc01s44
DMF,kpgc01s45
THF,kpgc01s46
DMF,kpgc01s47
Methanol,kpgc01s48
DMF,kpgc01s49
Ethanol,kpgc01s50
Methanol,kpgc01s51
THF,kpgc01s52
Methanol,kpgc01s53
Methanol,kpgc01s54
Ethanol/Toluene,kpgc01s56
DMF,kpgc01s57
THF/Ethanol/Acetic Acid,kpgc01s58
Neat,kpgc01s59
Ethanol,kpgc01s60
Ethanol,kpgc01s61
THF/Ethanol/Acetic Acid,kpgc01s63
THF,kpgc01s64
THF,kpgc01s66a
THF,kpgc01s66b
THF,kpgc01s66c
THF,kpgc01s67
Neat,kpgc01s68
THF/Ethanol/Acetic Acid,kpgc01s69
THF/Ethanol/Acetic Acid,kpgc01s70
THF/Ethanol/Acetic Acid,kpgc01s71
THF/Ethanol/Acetic Acid,kpgc01s72
Acetonitrile,kpgc01s73
DMF,kpgc01s74
Neat,kpgc01s109
Dichloroethane/Acetonitrile,kpgc01s103
DCM/THF,JMGC01S01
Methanol,JMGC01S02
THF,JMGC01S03
THF,JMGC01S04
THF,JMGC01S05
THF,JMGC01S06
Toluene,JMGC01S07
Toluene,JMGC01S08
THF,JMGC01S09
THF,JMGC01S10
t-Butanol,JMGC01S11
Toluene,JMGC01S12
Toluene,JMGC01S13
Toluene,JMGC01S14
Toluene,JMGC01S15
THF,JMGC01S16
DCM,JMGC01S17
Methanol,JMGC01S18
THF/Methanol,JMGC01S19
THF/Water,JMGC01S22
Toluene,JMGC01S23
Toluene,JMGC01S24
Toluene,JMGC01S25
Toluene,JMGC01S26
Toluene,JMGC01S27
Toluene,JMGC01S28
t-Butanol,JMGC01S29
Toluene,JMGC01S30
Methanol,JMGC01S31
THF,JMGC01S32
DCM,JMGC01S33
THF,JMGC01S34
THF,JMGC01S35
DCM/THF,JMGC01S36
THF,JMGC01S37
Toluene,JMGC01S38
Methanol,JMGC01S39
Acetic Acid,JMGC01S40
Methanol,JMGC01S41
Acetic Acid,JMGC01S42
THF,JMGC01S43
THF,JMGC01S44
Methanol,JMGC01S45
Methanol,JMGC01S46
THF,JMGC01S49
THF,JMGC01S50
Acetonitrile,JMGC02S51
DCM,JMGC02S52
THF,JMGC02S53
THF,JMGC02S54
Toluene,JMGC02S55
THF,JMGC02S56
DCM,JMGC02S59
THF,JMGC02S60
Methanol,JMGC02S61
DCM,JMGC02S62
THF,JMGC02S63
DCM,JMGC02S64
THF,JMGC02S65
THF,JMGC02S66
THF,JMGC02S67
THF,JMGC02S68
THF,JMGC02S69
THF,JMGC02S70
DCM,JMGC02S71
DCM,JMGC02S72
DCM,JMGC02S73
THF,JMGC02S74
THF,JMGC02S75
THF,JMGC02S76
THF,JMGC02S77
DCM,JMGC02S78
THF,JMGC02S79
THF,JMGC02S80
DCM,JMGC02S81
THF,JMGC02S82
THF,JMGC02S83
THF,JMGC02S84
THF,JMGC02S85
THF,JMGC02S86
DCM,JMGC02S87
THF,JMGC02S88
THF,JMGC02S89
Toluene,JMGC02S90
THF/Water,JMGC02S91
THF,JMGC02S92
THF,JMGC02S93
THF,JMGC02S94
THF,JMGC02S95
THF,JMGC02S96
THF,JMGC02S97
THF,JMGC02S98
THF,JMGC02S99
THF,JMGC02S100
DCM,JMGC02S101
DCM,JMGC02S102
THF,JMGC02S103
Toluene,JMGC02S104
THF,JMGC02S105
THF,JMGC02S106
THF,JMGC02S107
Methanol,JMGC02S108
DCM,JMGC02S109
THF,JMGC02S110
THF,JMGC02S111
Acetic Acid,JMGC02S112
THF,JMGC02S113
THF,JMGC02S114
THF,JMGC02S115
THF,JMGC02S116
THF,JMGC02S117
THF,JMGC02S118
Acetic Acid,JMGC02S119
THF,JMGC02S120
THF,JMGC05S200
THF,JMGC05S201
THF,JMGC05S202
Acetic Acid,JMGC05S203
DCM,JMGC05S204
THF,JMGC05S205
Acetic Acid,JMGC05S206
Acetic Acid,JMGC05S207
Acetic Acid,JMGC05S208
THF/Water,JMGC05S209
THF,JMGC05S210
THF/Methanol,JMGC05S211
THF,JMGC05S212
THF,JMGC05S213
THF,JMGC05S214
THF,JMGC05S215
THF/Methanol,JMGC05S216
THF,JMGC05S217
THF,JMGC05S218
THF,JMGC05S219
THF,JMGC05S220
THF,JMGC05S221
THF,JMGC05S222
THF,JMGC05S223
THF,JMGC05S224
Methanol,JMGC05S225
Methanol,JMGC05S226
Methanol,JMGC05S227
THF,JMGC05S228
THF,JMGC05S229
Methanol,JMGC05S230
Methanol,JMGC05S231
Methanol,JMGC05S232
THF,JMGC05S233
Toluene,JMGC05S234
THF/Water,JMGC05S235
THF,JMGC05S246
THF,JMGC05S247
DCM,JMGC05S248
Water/Acetic Acid,JMGC05S249
THF,JMGC05S253
DCM/THF,JMGC05S254